HDR,HALF HOURLY OUTTURN GENERATION BY FUEL TYPE DATA
FUELHH,20190915,1,5800,0,294,6564,7939,0,407,0,99,0,58,0,66,1119,0
FUELHH,20190915,2,5625,0,270,6563,7811,0,407,0,100,0,0,0,0,1122,0
FUELHH,20190915,3,5556,0,264,6554,7889,0,373,0,101,0,0,0,0,1123,0
FUELHH,20190915,4,5424,0,341,6426,8073,0,379,0,99,0,0,0,0,953,0
FUELHH,20190915,5,5925,0,402,6337,8150,0,382,0,102,0,0,0,0,775,0
FUELHH,20190915,6,5635,0,393,6342,8402,0,381,0,100,0,0,0,0,775,0
FUELHH,20190915,7,5402,0,398,6341,8680,0,376,0,101,0,0,0,0,777,0
FUELHH,20190915,8,5291,0,362,6343,8727,0,378,0,99,0,0,0,0,777,0
FUELHH,20190915,9,5194,0,330,6345,8506,0,375,0,99,0,0,0,0,901,154
FUELHH,20190915,10,4867,0,299,6347,8572,0,376,0,99,0,0,0,0,1101,156
FUELHH,20190915,11,4814,0,278,6387,7878,0,374,0,101,0,0,0,0,1115,656
FUELHH,20190915,12,4815,0,309,6528,7332,0,390,0,102,0,0,0,0,1102,668
FUELHH,20190915,13,5120,0,315,6564,7053,0,483,0,100,0,0,0,0,1099,668
FUELHH,20190915,14,5206,0,323,6572,7100,0,507,0,99,0,0,0,0,1100,668
FUELHH,20190915,15,5786,0,247,6574,6673,0,531,0,105,0,0,0,0,1078,668
FUELHH,20190915,16,7024,0,302,6573,6302,0,532,0,103,0,0,0,0,1056,668
FUELHH,20190915,17,6208,0,236,6571,6072,0,522,0,105,686,0,458,0,911,668
FUELHH,20190915,18,7167,0,0,6572,5791,160,519,0,108,692,0,518,0,805,668
FUELHH,20190915,19,7438,0,0,6565,5348,32,549,0,107,1404,0,660,0,1059,680
FUELHH,20190915,20,8027,0,0,6557,4974,76,544,0,107,1398,0,662,0,1104,680
FUELHH,20190915,21,7973,0,0,6559,4806,0,544,0,103,1802,0,900,0,1101,750
FUELHH,20190915,22,8114,0,0,6565,4714,0,563,0,102,1802,0,904,0,1101,752
FUELHH,20190915,23,8099,0,0,6568,4593,0,583,0,103,1898,0,950,0,1095,802
FUELHH,20190915,24,8450,0,0,6562,4360,0,593,0,105,1900,0,950,0,1096,802
FUELHH,20190915,25,8502,0,0,6554,4453,0,592,0,103,1900,0,950,10,1098,776
FUELHH,20190915,26,8720,0,0,6486,4308,0,594,0,102,1900,0,950,0,1095,776
FUELHH,20190915,27,8903,0,0,6363,4265,0,610,0,102,1900,0,950,0,1094,762
FUELHH,20190915,28,8959,0,0,6340,4170,0,529,0,104,1900,0,950,0,1115,762
FUELHH,20190915,29,9375,0,0,6338,3851,0,519,0,102,1900,0,952,0,1131,762
FUELHH,20190915,30,9278,0,0,6336,3844,40,529,0,112,1900,0,950,0,1149,762
FUELHH,20190915,31,10168,0,0,6338,3655,0,529,0,103,1900,0,950,0,1161,762
FUELHH,20190915,32,11206,0,0,6335,3257,78,515,1,114,1898,0,950,0,1160,762
FUELHH,20190915,33,12066,0,0,6344,3153,8,513,0,118,1998,0,1000,0,1154,826
FUELHH,20190915,34,13417,0,0,6347,2769,240,517,1,106,1998,0,1000,0,1158,826
FUELHH,20190915,35,14414,0,0,6415,2553,636,687,1,106,1998,0,1000,6,1162,956
FUELHH,20190915,36,15144,0,0,6544,2365,692,720,0,104,1998,0,1000,56,1159,956
FUELHH,20190915,37,15486,0,0,6559,2122,990,735,1,106,1998,0,1000,0,1219,998
FUELHH,20190915,38,15606,0,0,6572,1934,1178,786,1,106,1998,0,1000,0,1283,1000
FUELHH,20190915,39,15757,0,0,6570,1806,980,887,1,102,1998,0,1056,0,1507,1000
FUELHH,20190915,40,16194,0,0,6569,1753,960,910,0,104,1998,0,1058,0,1776,1000
FUELHH,20190915,41,16061,0,0,6572,1739,830,923,0,102,1998,0,1058,0,1812,986
FUELHH,20190915,42,15427,0,0,6574,1568,802,895,0,104,1998,0,1058,0,1801,986
FUELHH,20190915,43,15039,0,0,6571,1500,358,792,0,106,1998,0,1058,0,1807,980
FUELHH,20190915,44,14242,0,0,6571,1484,0,804,1,105,1998,0,1058,0,1810,980
FUELHH,20190915,45,13382,0,11,6567,1478,54,542,1,106,1902,0,952,0,1807,814
FUELHH,20190915,46,11540,0,145,6571,1442,216,554,1,130,1902,0,950,0,1805,812
FUELHH,20190915,47,10547,0,248,6575,1351,0,533,1,106,1654,0,830,0,1805,734
FUELHH,20190915,48,9249,0,243,6563,1337,16,522,2,104,1654,0,828,0,1804,734
FUELHH,20190916,1,8651,0,244,6523,1297,0,521,2,102,1654,0,828,0,1815,734
FUELHH,20190916,2,8538,0,244,6383,1280,0,521,2,102,1654,0,828,0,1813,734
FUELHH,20190916,3,8401,0,243,6341,1290,0,511,2,101,1654,0,828,0,1817,712
FUELHH,20190916,4,8194,0,243,6337,1381,0,494,2,101,1654,0,828,0,1815,712
FUELHH,20190916,5,8108,0,243,6337,1487,0,491,2,101,1602,0,746,0,1816,712
FUELHH,20190916,6,7953,0,243,6342,1527,0,490,2,102,1602,0,746,0,1816,712
FUELHH,20190916,7,7946,0,243,6346,1628,0,481,1,103,1602,0,394,0,1818,712
FUELHH,20190916,8,7835,0,243,6428,1750,0,483,1,103,1602,0,384,0,1817,712
FUELHH,20190916,9,8237,0,243,6540,1699,0,479,2,103,1634,0,148,0,1817,648
FUELHH,20190916,10,8284,0,243,6566,1676,0,466,1,103,1652,0,140,0,1817,648
FUELHH,20190916,11,9859,0,243,6568,1812,0,466,2,107,30,0,0,58,1820,658
FUELHH,20190916,12,10990,0,301,6566,1786,0,483,1,106,16,22,0,8,1819,640
FUELHH,20190916,13,12994,0,485,6569,1824,148,703,1,107,964,82,0,46,1820,18
FUELHH,20190916,14,15316,0,507,6571,1795,398,693,0,103,852,0,0,2,1820,0
FUELHH,20190916,15,16779,0,502,6572,1775,660,790,0,112,1988,0,0,0,1817,0
FUELHH,20190916,16,18028,0,789,6573,1798,574,740,0,180,2000,0,0,0,1813,0
FUELHH,20190916,17,18340,0,933,6570,1838,716,701,0,214,1898,0,0,0,1811,956
FUELHH,20190916,18,18064,0,917,6571,1782,634,703,209,158,1896,0,0,0,1810,1000
FUELHH,20190916,19,17968,0,839,6564,1956,872,688,260,172,1998,0,0,0,1812,1000
FUELHH,20190916,20,18089,0,820,6579,2078,698,686,263,183,1998,0,0,0,1813,1000
FUELHH,20190916,21,18043,0,734,6529,2413,358,655,262,180,1998,0,0,0,1815,964
FUELHH,20190916,22,18099,0,786,6382,2729,258,649,261,161,1998,0,0,0,1808,962
FUELHH,20190916,23,18283,0,791,6354,3007,56,594,189,165,1998,0,0,0,1810,882
FUELHH,20190916,24,18225,0,838,6351,3212,0,540,0,174,1998,0,0,0,1809,882
FUELHH,20190916,25,18079,0,833,6345,3559,14,494,0,150,2000,0,0,0,1809,580
FUELHH,20190916,26,17768,0,824,6339,3683,0,472,0,100,2000,0,0,0,1807,562
FUELHH,20190916,27,17944,0,835,6339,3966,32,457,0,105,1602,0,0,0,1811,14
FUELHH,20190916,28,17676,0,739,6346,4088,40,446,0,163,1600,0,0,0,1807,0
FUELHH,20190916,29,17392,0,733,6458,4181,0,392,0,149,1616,0,0,0,1808,0
FUELHH,20190916,30,17246,0,730,6559,4292,0,391,0,111,1628,0,0,0,1809,0
FUELHH,20190916,31,17242,0,729,6565,4685,18,410,0,102,1112,0,0,0,1809,0
FUELHH,20190916,32,17900,0,726,6567,4802,0,410,0,102,1100,0,0,0,1807,0
FUELHH,20190916,33,18235,0,729,6568,4852,0,547,0,125,1448,0,0,0,1805,0
FUELHH,20190916,34,18961,0,728,6571,4681,0,549,0,129,1436,0,0,0,1807,0
FUELHH,20190916,35,18675,0,730,6573,4595,332,611,0,127,1918,0,0,0,1813,0
FUELHH,20190916,36,18755,0,726,6577,4522,568,612,0,109,1926,0,0,0,1809,0
FUELHH,20190916,37,18895,0,732,6580,4513,590,612,0,112,1850,0,0,0,1812,0
FUELHH,20190916,38,18901,0,733,6578,4431,748,627,0,131,1850,0,0,0,1810,24
FUELHH,20190916,39,18645,0,731,6578,4333,728,694,0,166,2000,0,0,0,1810,748
FUELHH,20190916,40,18841,0,759,6578,4536,500,675,0,122,2000,0,0,0,1808,776
FUELHH,20190916,41,18090,0,733,6580,4686,366,615,0,106,1998,0,0,0,1805,998
FUELHH,20190916,42,17209,0,728,6579,4735,42,612,0,107,1998,0,0,0,1809,996
FUELHH,20190916,43,16062,0,727,6583,4846,32,568,0,111,1770,0,0,0,1805,720
FUELHH,20190916,44,14421,0,575,6578,4760,18,556,0,115,1770,0,0,0,1808,716
FUELHH,20190916,45,14001,0,244,6575,4787,0,455,0,111,554,0,0,0,1811,808
FUELHH,20190916,46,12258,0,286,6486,4762,0,481,1,110,548,0,0,0,1806,808
FUELHH,20190916,47,9732,0,259,6369,4723,0,472,3,82,1782,0,0,0,1785,714
FUELHH,20190916,48,8232,0,244,6357,4819,0,471,5,81,1826,0,0,0,1786,714
FUELHH,20190917,1,7462,0,243,6350,4766,0,422,4,83,1554,0,0,0,1780,714
FUELHH,20190917,2,6693,0,243,6348,4829,0,403,0,79,1554,0,0,0,1783,714
FUELHH,20190917,3,6801,0,243,6344,5181,0,378,5,80,1556,0,0,0,1775,686
FUELHH,20190917,4,6877,0,243,6347,5164,0,378,5,80,1556,0,0,0,1783,686
FUELHH,20190917,5,7048,0,242,6349,5497,0,378,5,80,1554,0,0,0,1780,686
FUELHH,20190917,6,6655,0,242,6422,5763,0,378,4,80,1554,0,0,0,1780,686
FUELHH,20190917,7,6517,0,245,6549,5502,0,379,4,86,1554,0,0,0,1790,676
FUELHH,20190917,8,6436,0,242,6578,5550,0,380,4,83,1556,0,0,0,1788,676
FUELHH,20190917,9,6427,0,244,6579,5690,0,380,4,83,1540,0,0,0,1787,686
FUELHH,20190917,10,6463,0,243,6581,5669,0,383,4,82,1542,0,0,0,1787,666
FUELHH,20190917,11,7059,0,243,6587,5745,0,412,4,81,1096,0,0,0,1786,20
FUELHH,20190917,12,7753,0,243,6589,5720,0,412,4,81,1112,0,0,0,1786,0
FUELHH,20190917,13,10497,0,424,6590,5626,0,467,4,83,532,0,0,0,1789,0
FUELHH,20190917,14,12995,0,626,6591,5695,20,465,4,84,504,0,0,0,1782,6
FUELHH,20190917,15,14078,0,720,6592,5770,0,506,3,82,1876,0,0,0,1785,384
FUELHH,20190917,16,15213,0,736,6584,5368,66,690,3,141,1900,0,0,0,1785,400
FUELHH,20190917,17,15611,0,732,6585,4814,284,561,3,115,1898,0,0,0,1784,858
FUELHH,20190917,18,15335,0,653,6590,4832,0,543,1,82,1900,0,0,0,1775,870
FUELHH,20190917,19,15203,0,488,6580,4867,74,537,1,78,1344,0,0,0,1783,998
FUELHH,20190917,20,14584,0,488,6587,4815,0,536,2,77,1430,0,0,0,1783,1000
FUELHH,20190917,21,14792,0,487,6583,4826,26,505,2,83,10,0,0,0,1788,1000
FUELHH,20190917,22,14426,0,486,6583,4838,0,482,2,79,0,0,0,0,1790,1000
FUELHH,20190917,23,14496,0,489,6586,4867,2,410,2,79,0,0,0,0,1788,1000
FUELHH,20190917,24,14310,0,486,6560,4927,0,396,2,77,0,0,0,0,1788,1000
FUELHH,20190917,25,14520,0,486,6422,4868,0,371,4,79,0,0,0,0,1756,966
FUELHH,20190917,26,14477,0,488,6371,4603,0,367,4,82,0,0,0,0,1741,966
FUELHH,20190917,27,14519,0,488,6367,4249,80,365,4,82,0,0,0,0,1742,938
FUELHH,20190917,28,14419,0,488,6362,4155,0,366,4,78,0,0,0,0,1741,938
FUELHH,20190917,29,14419,0,490,6363,4258,0,378,4,80,0,0,0,0,1741,938
FUELHH,20190917,30,14585,0,486,6360,4143,0,366,3,75,0,0,0,0,1743,938
FUELHH,20190917,31,14289,0,487,6372,4269,0,382,3,75,130,0,0,0,1777,938
FUELHH,20190917,32,15218,0,583,6414,4152,0,386,0,80,48,0,0,0,1787,938
FUELHH,20190917,33,14530,0,656,6560,4239,0,496,0,122,1458,0,0,0,1789,986
FUELHH,20190917,34,15797,0,722,6593,4231,22,512,0,111,1476,0,0,0,1786,986
FUELHH,20190917,35,16824,0,728,6602,4283,0,580,0,83,1774,0,0,0,1784,1000
FUELHH,20190917,36,17570,0,746,6594,4106,22,589,0,106,1774,0,0,0,1788,1000
FUELHH,20190917,37,17813,0,728,6601,3815,504,709,0,95,1822,0,0,0,1792,1000
FUELHH,20190917,38,17973,0,731,6604,3666,730,863,0,83,1822,0,0,0,1787,1000
FUELHH,20190917,39,18031,0,803,6605,3467,1126,850,0,85,1998,0,0,0,1788,1000
FUELHH,20190917,40,18742,0,804,6602,3129,1204,842,0,114,1998,0,0,0,1769,1000
FUELHH,20190917,41,18566,0,788,6605,3064,1116,806,0,78,1998,0,0,0,1728,1000
FUELHH,20190917,42,18156,0,766,6602,2840,846,731,0,110,1998,0,0,0,1672,1000
FUELHH,20190917,43,17918,0,733,6605,2505,404,500,0,78,1998,0,0,0,1672,1000
FUELHH,20190917,44,17195,0,484,6600,2220,240,489,0,78,1998,0,0,0,1669,998
FUELHH,20190917,45,16518,0,1,6603,2027,10,407,0,84,1998,0,0,0,1674,908
FUELHH,20190917,46,14768,0,0,6693,1871,0,400,0,81,1998,0,0,0,1676,908
FUELHH,20190917,47,12986,0,0,6703,1809,0,399,0,79,1998,0,0,0,1674,822
FUELHH,20190917,48,11998,0,0,6702,1560,0,393,0,79,1998,0,0,0,1672,822
FUELHH,20190918,1,11455,0,0,6704,1327,0,366,0,79,1802,0,0,0,1674,822
FUELHH,20190918,2,11037,0,0,6756,1191,0,346,0,76,1800,0,0,0,1669,822
FUELHH,20190918,3,11059,0,0,6755,1157,0,338,0,74,1800,0,0,0,1661,794
FUELHH,20190918,4,10905,0,0,6764,1073,0,333,0,73,1800,0,0,0,1669,794
FUELHH,20190918,5,10991,0,0,6775,1034,0,334,0,73,1800,0,0,0,1673,786
FUELHH,20190918,6,10764,0,0,6782,1031,0,331,0,75,1800,0,0,0,1664,784
FUELHH,20190918,7,10835,0,0,6789,1165,0,327,0,76,1800,0,0,0,1667,786
FUELHH,20190918,8,10765,0,0,6790,1189,0,328,0,77,1800,0,0,0,1666,784
FUELHH,20190918,9,10877,0,0,6803,1248,0,327,0,79,1802,0,0,0,1663,784
FUELHH,20190918,10,11029,0,0,6808,1271,0,334,0,79,1804,0,0,0,1661,784
FUELHH,20190918,11,11675,0,0,6805,1378,0,435,0,78,1594,0,0,0,1660,32
FUELHH,20190918,12,12287,0,0,6808,1501,0,435,0,78,1586,0,0,0,1663,0
FUELHH,20190918,13,14256,0,189,6803,1550,8,461,0,83,1900,0,0,0,1665,0
FUELHH,20190918,14,16107,0,392,6812,1638,252,561,0,76,1898,0,0,0,1658,40
FUELHH,20190918,15,17577,0,489,6812,1647,150,676,0,74,1998,0,0,0,1663,948
FUELHH,20190918,16,18367,0,490,6816,1775,572,677,0,88,1998,0,0,0,1675,1000
FUELHH,20190918,17,18446,0,491,6811,1658,584,528,0,100,1998,0,0,0,1681,1000
FUELHH,20190918,18,18185,0,487,6817,1602,356,519,0,98,1998,0,0,0,1680,1000
FUELHH,20190918,19,17753,0,485,6814,1577,488,476,0,137,1998,0,0,0,1662,1000
FUELHH,20190918,20,17905,0,491,6817,1538,0,475,0,109,1998,0,0,0,1659,1000
FUELHH,20190918,21,17958,0,484,6817,1446,60,440,0,118,1550,0,0,0,1656,1000
FUELHH,20190918,22,17803,0,487,6815,1375,0,414,0,106,1538,0,0,0,1657,1000
FUELHH,20190918,23,17421,0,482,6814,1342,0,411,0,105,1640,0,0,0,1655,956
FUELHH,20190918,24,17206,0,480,6816,1311,0,394,0,103,1640,0,0,0,1651,956
FUELHH,20190918,25,17117,0,484,6818,1319,0,392,0,98,1836,0,0,0,1637,956
FUELHH,20190918,26,16848,0,492,6820,1291,0,372,0,102,1838,0,0,0,1627,956
FUELHH,20190918,27,16339,0,486,5654,1307,0,372,0,102,1712,0,0,0,1625,956
FUELHH,20190918,28,16186,0,491,6491,1241,0,383,0,101,1710,0,0,0,1618,956
FUELHH,20190918,29,16099,0,484,6812,1149,0,376,0,106,1800,0,134,0,1621,954
FUELHH,20190918,30,16067,0,486,6811,1266,4,374,0,109,1770,0,0,0,1633,956
FUELHH,20190918,31,16275,0,490,6813,1256,0,379,0,105,1896,0,0,0,1635,1000
FUELHH,20190918,32,17331,0,493,6813,1295,16,395,0,141,1896,0,0,0,1639,1000
FUELHH,20190918,33,18374,0,487,6815,1299,0,458,0,112,1954,0,0,0,1644,998
FUELHH,20190918,34,19646,0,492,6812,1212,18,550,0,131,1952,0,0,0,1677,998
FUELHH,20190918,35,20003,0,488,6808,1136,482,780,0,118,1998,0,0,0,1694,1000
FUELHH,20190918,36,20173,0,488,6809,1107,718,860,0,157,1998,0,0,0,1686,1000
FUELHH,20190918,37,19866,0,490,6813,1086,972,870,0,214,1998,0,792,0,1690,1000
FUELHH,20190918,38,20197,0,488,6812,1058,938,893,0,178,1998,0,1000,0,1693,1000
FUELHH,20190918,39,20397,0,489,6812,1058,1118,893,0,144,1998,0,1058,0,1693,1000
FUELHH,20190918,40,20456,0,486,6810,1011,1328,893,0,195,1998,0,1058,0,1692,1000
FUELHH,20190918,41,20109,0,487,6809,957,1214,889,0,123,1998,0,1058,0,1692,1000
FUELHH,20190918,42,19853,0,483,6814,928,750,818,0,103,1998,0,1058,0,1692,1000
FUELHH,20190918,43,19906,0,484,6812,887,206,640,0,101,1506,0,990,0,1691,938
FUELHH,20190918,44,18412,0,487,6814,906,0,530,0,101,1504,0,976,0,1698,938
FUELHH,20190918,45,17784,0,485,6820,912,0,436,0,107,1212,0,416,0,1697,878
FUELHH,20190918,46,16162,0,323,6820,849,0,449,0,104,1206,0,406,0,1699,878
FUELHH,20190918,47,13952,0,1,6816,818,12,395,0,110,1400,0,934,0,1690,846
FUELHH,20190918,48,12548,0,0,6814,769,0,393,0,103,1416,0,950,0,1671,846
FUELHH,20190919,1,11517,0,0,6821,775,0,371,0,103,1800,0,898,0,1648,846
FUELHH,20190919,2,11374,0,0,6824,701,0,352,0,103,1800,0,896,0,1381,846
FUELHH,20190919,3,12019,0,0,6825,632,0,342,0,102,1800,0,904,0,1031,814
FUELHH,20190919,4,11992,0,0,6818,610,0,343,0,103,1802,0,902,0,1034,814
FUELHH,20190919,5,11798,0,0,6822,610,0,343,0,100,1802,0,902,0,1036,814
FUELHH,20190919,6,11495,0,0,6821,606,0,342,0,100,1800,0,902,0,1037,814
FUELHH,20190919,7,11902,0,0,6822,561,0,294,0,100,1850,0,118,0,1040,800
FUELHH,20190919,8,11920,0,0,6818,503,0,147,0,102,1852,0,102,0,1030,774
FUELHH,20190919,9,12332,0,0,6819,536,0,233,0,102,1574,0,466,0,1026,32
FUELHH,20190919,10,12458,0,0,6816,571,0,344,0,103,1674,0,502,0,1027,0
FUELHH,20190919,11,13410,0,0,6817,669,0,424,0,104,118,0,292,0,1025,0
FUELHH,20190919,12,14583,0,123,6817,756,0,430,0,105,88,0,288,0,1024,0
FUELHH,20190919,13,16433,0,181,6812,776,172,461,0,105,428,0,250,0,1030,0
FUELHH,20190919,14,18363,0,250,6815,779,614,500,0,105,312,0,250,0,1036,0
FUELHH,20190919,15,19189,0,246,6811,814,348,514,0,113,1874,0,518,0,1031,948
FUELHH,20190919,16,19598,0,246,6809,819,780,647,0,114,1998,0,526,0,1035,1000
FUELHH,20190919,17,19771,0,284,6811,842,688,499,0,106,1998,0,1040,0,1029,1000
FUELHH,20190919,18,19334,0,297,6812,864,402,487,0,112,1998,0,1058,0,1014,1000
FUELHH,20190919,19,19373,0,243,6813,878,88,490,0,105,1998,0,1056,0,1001,1000
FUELHH,20190919,20,18849,0,249,6817,881,0,479,0,103,1982,0,1052,0,1005,1000
FUELHH,20190919,21,19229,0,341,6823,803,0,440,0,107,914,0,700,0,1004,1000
FUELHH,20190919,22,18731,0,239,6829,737,0,499,0,110,966,0,692,0,988,1000
FUELHH,20190919,23,18837,0,328,6831,784,0,463,0,106,0,0,982,0,977,1000
FUELHH,20190919,24,18532,0,310,6825,817,0,447,0,113,0,0,982,0,967,994
FUELHH,20190919,25,18292,0,313,6824,850,4,454,0,116,228,0,584,0,982,622
FUELHH,20190919,26,18230,0,311,6822,769,0,454,0,116,230,0,574,0,1010,616
FUELHH,20190919,27,17993,0,246,6825,769,38,458,0,121,354,0,574,0,1065,574
FUELHH,20190919,28,17739,0,246,6820,788,0,442,0,107,358,0,574,0,1112,574
FUELHH,20190919,29,18096,0,252,6808,778,28,438,0,124,390,0,404,0,1107,410
FUELHH,20190919,30,18099,0,350,6807,771,10,444,0,105,356,0,400,0,1104,410
FUELHH,20190919,31,17063,0,434,6811,772,374,455,0,103,1134,0,982,0,1109,8
FUELHH,20190919,32,17559,0,584,6817,798,434,458,0,104,1114,0,1000,0,1111,0
FUELHH,20190919,33,17532,0,675,6812,828,432,503,0,107,1796,0,922,0,1093,604
FUELHH,20190919,34,18362,0,743,6814,785,560,683,0,115,1794,0,922,0,1076,624
FUELHH,20190919,35,18654,0,728,6815,705,1066,693,0,110,2000,0,998,0,1089,992
FUELHH,20190919,36,19098,0,747,6810,685,1154,778,0,119,1998,0,1000,0,1100,1000
FUELHH,20190919,37,19652,0,749,6813,718,962,846,0,130,1998,0,1000,0,1262,1000
FUELHH,20190919,38,19681,0,712,6815,748,1022,867,0,110,1998,0,1000,0,1475,1000
FUELHH,20190919,39,19813,0,505,6812,847,1142,809,0,127,1998,0,1058,0,1759,1000
FUELHH,20190919,40,20037,0,505,6816,947,1424,797,0,145,1998,0,1058,0,1814,1000
FUELHH,20190919,41,20124,0,507,6814,1005,1008,755,0,114,1998,0,1058,0,1809,1000
FUELHH,20190919,42,19856,0,504,6815,979,680,566,0,102,1998,0,884,0,1795,996
FUELHH,20190919,43,19749,0,504,6816,1013,256,534,0,100,1998,0,0,0,1798,680
FUELHH,20190919,44,18489,0,454,6812,1102,0,507,0,102,1998,0,0,0,1793,676
FUELHH,20190919,45,17325,0,185,6815,1125,42,438,0,108,1450,0,0,0,1778,542
FUELHH,20190919,46,15836,0,0,6816,1072,8,435,0,110,1402,0,0,0,1785,542
FUELHH,20190919,47,12527,0,0,6819,1160,0,413,0,107,1956,0,518,0,1788,822
FUELHH,20190919,48,11001,0,0,6815,1241,0,413,0,106,1958,0,530,0,1793,826
FUELHH,20190920,1,10481,0,0,6813,1253,0,412,0,104,1850,0,0,0,1794,828
FUELHH,20190920,2,10088,0,0,6809,1286,0,411,0,105,1850,0,0,0,1790,828
FUELHH,20190920,3,10376,0,0,6820,1341,0,373,0,103,1850,0,0,0,1769,790
FUELHH,20190920,4,10354,0,0,6818,1378,0,368,0,102,1850,0,0,0,1785,790
FUELHH,20190920,5,9849,0,0,6814,1406,0,368,0,100,1850,26,0,0,1791,790
FUELHH,20190920,6,9644,0,0,6814,1431,0,366,0,101,1850,26,0,0,1799,792
FUELHH,20190920,7,9557,0,0,6814,1381,0,356,0,102,1850,130,0,0,1795,790
FUELHH,20190920,8,9570,0,0,6816,1355,0,343,0,102,1850,148,0,0,1794,790
FUELHH,20190920,9,9869,0,0,6818,1287,0,343,0,102,1850,164,0,58,1794,790
FUELHH,20190920,10,9996,0,0,6814,1252,0,344,0,104,1794,116,0,224,1785,766
FUELHH,20190920,11,11817,0,0,6817,1233,0,390,0,103,212,162,0,362,1779,32
FUELHH,20190920,12,12933,0,0,6812,1273,0,401,0,103,62,164,0,428,1762,0
FUELHH,20190920,13,14379,0,131,6817,1314,0,451,0,105,406,164,0,282,1770,582
FUELHH,20190920,14,16184,0,282,6811,1423,232,473,0,106,400,92,0,198,1768,606
FUELHH,20190920,15,16617,0,438,6807,1384,286,709,0,114,1868,0,0,62,1762,958
FUELHH,20190920,16,17392,0,500,6810,1396,582,706,0,109,1948,0,0,0,1734,966
FUELHH,20190920,17,17179,0,483,6808,1456,586,523,0,120,1948,0,820,0,1732,1000
FUELHH,20190920,18,16852,0,485,6810,1505,514,531,0,107,1948,0,1004,0,1732,1000
FUELHH,20190920,19,17392,0,478,6808,1514,130,542,0,107,1998,0,0,0,1716,998
FUELHH,20190920,20,16699,0,494,6811,1648,192,504,0,106,1892,0,0,0,1705,998
FUELHH,20190920,21,16566,0,486,6812,1770,60,510,0,105,0,0,822,0,1708,1000
FUELHH,20190920,22,15753,0,488,6810,1761,108,509,0,122,0,0,1058,36,1726,1000
FUELHH,20190920,23,15473,0,488,6816,1809,16,482,0,112,0,0,1000,198,1742,1000
FUELHH,20190920,24,15022,0,485,6815,1928,0,469,0,106,0,0,1000,238,1754,1000
FUELHH,20190920,25,14154,0,488,6819,2116,0,453,0,106,0,74,1000,108,1764,1000
FUELHH,20190920,26,13393,0,490,6823,2260,0,426,0,106,0,116,1000,202,1764,1000
FUELHH,20190920,27,12672,0,478,6822,2386,0,414,0,105,0,162,1000,340,1760,940
FUELHH,20190920,28,11852,0,483,6823,2576,0,417,0,104,0,166,1000,486,1758,940
FUELHH,20190920,29,11661,0,481,6816,2637,0,417,0,104,0,166,642,488,1757,940
FUELHH,20190920,30,11199,0,479,6812,2837,10,411,0,111,0,164,626,504,1762,940
FUELHH,20190920,31,11736,0,480,6806,2973,0,463,0,110,0,164,722,504,1766,940
FUELHH,20190920,32,12382,0,487,6805,3110,0,466,0,117,0,164,716,504,1760,940
FUELHH,20190920,33,13186,0,480,6806,3396,0,513,0,108,0,164,0,504,1761,922
FUELHH,20190920,34,14030,0,480,6808,3735,0,515,0,107,0,164,0,504,1760,922
FUELHH,20190920,35,14381,0,483,6808,4203,94,538,0,110,554,164,0,504,1755,998
FUELHH,20190920,36,14611,0,480,6815,4722,342,681,0,182,484,164,0,504,1765,1000
FUELHH,20190920,37,13316,0,482,6811,5608,270,557,0,113,1792,164,0,504,1761,1000
FUELHH,20190920,38,13082,0,483,6818,6208,306,553,0,110,1798,164,0,504,1756,1000
FUELHH,20190920,39,13572,0,483,6819,6605,388,553,0,105,986,164,0,504,1760,890
FUELHH,20190920,40,13964,0,481,6815,7054,520,534,0,106,962,164,0,504,1764,890
FUELHH,20190920,41,13641,0,482,6817,7540,44,499,0,101,1126,164,0,504,1759,32
FUELHH,20190920,42,12039,0,481,6817,7751,24,465,0,102,1128,164,0,504,1765,24
FUELHH,20190920,43,10985,0,479,6813,8088,54,448,0,100,0,164,0,430,1766,758
FUELHH,20190920,44,9288,0,370,6810,8633,0,447,0,108,0,148,0,326,1752,790
FUELHH,20190920,45,8236,0,1,6826,8835,0,384,0,106,0,164,640,464,1746,670
FUELHH,20190920,46,6321,0,0,6820,8970,18,397,0,118,0,160,726,504,1753,652
FUELHH,20190920,47,4811,0,0,6823,9040,0,358,0,104,0,130,164,504,1756,42
FUELHH,20190920,48,3570,0,0,6801,9239,0,353,0,101,0,128,144,504,1524,20
FUELHH,20190921,1,3363,0,0,6809,9209,0,323,0,102,0,128,0,504,1606,190
FUELHH,20190921,2,3130,0,0,6806,9039,0,323,0,103,0,128,0,504,1599,194
FUELHH,20190921,3,3119,0,0,6808,9032,0,307,0,102,0,128,0,504,1609,456
FUELHH,20190921,4,3201,0,0,6801,8940,0,301,0,104,0,128,0,504,1697,460
FUELHH,20190921,5,3287,0,0,6805,8714,0,284,0,121,0,128,0,504,1765,0
FUELHH,20190921,6,3339,0,0,6803,8474,0,278,0,110,0,128,0,504,1768,0
FUELHH,20190921,7,3444,0,0,6804,8360,0,276,0,106,0,128,0,504,1767,110
FUELHH,20190921,8,3425,0,0,6810,8107,0,276,0,103,0,128,0,504,1769,112
FUELHH,20190921,9,3428,0,0,6774,8181,0,276,0,100,0,128,0,504,1763,190
FUELHH,20190921,10,3298,0,0,6726,8455,0,276,0,100,0,128,0,504,1764,190
FUELHH,20190921,11,3122,0,0,6728,8689,0,277,0,100,0,128,0,504,1762,0
FUELHH,20190921,12,3362,0,0,6726,8777,0,291,0,104,0,128,0,504,1768,0
FUELHH,20190921,13,3682,0,0,6725,8856,0,307,0,104,0,128,0,504,1744,366
FUELHH,20190921,14,4703,0,0,6725,8775,90,320,0,151,0,128,0,504,1456,386
FUELHH,20190921,15,4845,0,0,6721,8799,0,398,0,147,382,128,0,504,1066,664
FUELHH,20190921,16,5522,0,0,6720,8750,192,455,0,115,380,128,0,504,1079,668
FUELHH,20190921,17,5059,0,0,6721,8717,356,502,0,107,722,128,420,504,1114,668
FUELHH,20190921,18,5299,0,0,6719,8756,160,482,0,104,724,118,472,504,1102,668
FUELHH,20190921,19,5430,0,0,6718,8814,62,481,0,105,534,58,650,504,1110,668
FUELHH,20190921,20,5368,0,0,6713,8657,0,471,0,106,534,28,654,466,1112,668
FUELHH,20190921,21,4971,0,0,6718,8725,72,468,0,103,510,74,686,332,1118,668
FUELHH,20190921,22,4402,0,0,6726,8951,0,400,0,102,512,80,686,328,1113,668
FUELHH,20190921,23,4817,0,0,6715,8928,164,347,0,114,0,34,536,216,1107,668
FUELHH,20190921,24,4377,0,0,6724,8968,0,341,0,103,0,36,534,262,1092,668
FUELHH,20190921,25,4518,0,0,6726,8907,6,321,0,105,0,14,148,412,1102,668
FUELHH,20190921,26,4155,0,0,6724,9212,0,295,0,105,0,36,138,500,1111,668
FUELHH,20190921,27,4270,0,0,6725,9467,0,299,0,107,0,56,0,504,1117,668
FUELHH,20190921,28,4256,0,0,6720,9297,0,294,0,103,0,64,0,504,1117,662
FUELHH,20190921,29,4545,0,0,6724,9290,0,296,0,110,0,94,0,504,1114,260
FUELHH,20190921,30,4660,0,0,6720,9311,0,296,0,106,0,98,0,504,1114,256
FUELHH,20190921,31,4604,0,0,6712,9335,0,292,0,105,0,118,0,504,1090,518
FUELHH,20190921,32,5064,0,0,6708,9163,0,305,0,107,0,80,0,504,1113,522
FUELHH,20190921,33,4925,0,0,6714,8962,0,377,0,103,0,116,0,504,1112,668
FUELHH,20190921,34,6130,0,0,6710,8629,356,439,0,108,0,98,0,484,1110,668
FUELHH,20190921,35,6370,0,0,6714,8440,528,521,0,104,1584,0,212,344,1110,684
FUELHH,20190921,36,7322,0,0,6715,8392,894,511,0,105,1604,0,228,276,1112,686
FUELHH,20190921,37,7624,0,0,6715,8483,548,484,0,105,1800,0,640,136,1116,842
FUELHH,20190921,38,7861,0,0,6711,8473,584,495,0,110,1802,0,652,54,1112,842
FUELHH,20190921,39,7850,0,0,6646,8439,664,609,0,111,1898,58,946,36,1101,842
FUELHH,20190921,40,8298,0,0,6623,8341,842,673,0,144,1898,14,952,38,1107,842
FUELHH,20190921,41,7994,0,0,6625,8294,702,642,0,112,1898,0,952,0,1109,842
FUELHH,20190921,42,7328,0,0,6626,8331,610,542,0,102,1900,0,952,0,1107,842
FUELHH,20190921,43,6920,0,0,6620,8194,550,469,0,107,1800,0,904,30,1109,740
FUELHH,20190921,44,6674,0,0,6623,8128,50,514,0,105,1804,0,904,0,1120,740
FUELHH,20190921,45,6199,0,0,6621,8320,226,368,0,102,1504,0,756,0,1119,668
FUELHH,20190921,46,4926,0,0,6615,8368,218,382,0,102,1506,0,754,0,1123,668
FUELHH,20190921,47,4603,0,0,6616,8029,420,326,0,102,676,0,690,0,1119,668
FUELHH,20190921,48,4354,0,0,6613,7828,0,293,0,100,674,0,680,0,1109,668
FUELHH,20190922,1,3930,0,0,6613,7676,232,258,0,100,280,0,214,0,1116,564
FUELHH,20190922,2,4141,0,0,6615,7644,0,257,0,102,278,0,192,0,1120,564
FUELHH,20190922,3,4213,0,0,6608,7581,0,254,0,103,278,0,0,0,1118,668
FUELHH,20190922,4,4272,0,0,6604,7341,0,252,0,104,278,0,0,0,1120,668
FUELHH,20190922,5,4566,0,0,6589,6943,74,257,0,103,130,0,0,0,1118,668
FUELHH,20190922,6,4841,0,0,6585,6605,0,370,0,101,132,0,0,0,1063,668
FUELHH,20190922,7,5219,0,0,6582,6417,0,591,0,102,0,0,0,0,1021,668
FUELHH,20190922,8,5269,0,0,6588,6357,0,595,0,102,0,0,0,0,1040,668
FUELHH,20190922,9,5509,0,0,6582,6082,0,362,0,103,0,0,0,0,1121,668
FUELHH,20190922,10,5615,0,0,6589,5917,0,352,0,104,0,0,0,0,1112,668
FUELHH,20190922,11,5441,0,0,6585,5658,0,356,0,104,0,0,0,0,1063,668
FUELHH,20190922,12,5620,0,0,6593,5807,0,353,0,101,0,0,0,0,1088,668
FUELHH,20190922,13,5950,0,0,6590,5683,0,370,0,101,0,0,598,0,1118,668
FUELHH,20190922,14,6114,0,0,6591,6027,0,316,0,104,0,0,684,0,1117,668
FUELHH,20190922,15,6019,0,0,6592,6443,0,305,0,106,316,0,758,0,1108,668
FUELHH,20190922,16,7007,0,0,6587,6534,0,342,0,107,238,0,760,0,1089,668
FUELHH,20190922,17,7463,0,0,6581,6349,46,342,0,113,1582,0,802,0,1032,668
FUELHH,20190922,18,8554,0,0,6589,6581,0,345,0,105,1602,0,802,0,1003,668
FUELHH,20190922,19,8637,0,0,6583,7009,4,376,0,111,1702,0,848,0,1005,738
FUELHH,20190922,20,9506,0,0,6579,6976,54,404,0,112,1700,0,850,0,1014,738
FUELHH,20190922,21,10225,0,0,6580,6299,0,395,0,104,1898,0,950,0,1009,804
FUELHH,20190922,22,10880,0,0,6581,5684,26,445,0,162,1898,0,952,0,1011,804
FUELHH,20190922,23,10908,0,0,6572,5529,226,576,0,111,1998,0,1000,0,1030,850
FUELHH,20190922,24,11224,0,0,6491,5153,202,590,0,101,1998,0,1000,0,1076,850
FUELHH,20190922,25,11398,0,0,6377,4907,314,609,0,129,1998,0,1000,0,933,838
FUELHH,20190922,26,11800,0,0,6378,4739,76,593,0,160,1998,0,1000,0,879,838
FUELHH,20190922,27,11530,0,0,6378,4840,142,465,0,107,1998,0,1000,0,784,816
FUELHH,20190922,28,11656,0,0,6378,4697,0,320,0,105,1998,0,1000,0,780,816
FUELHH,20190922,29,11836,0,0,6406,4573,0,340,0,102,1998,0,1000,0,778,816
FUELHH,20190922,30,11878,0,0,6537,4447,0,341,0,102,1998,0,1000,0,778,816
FUELHH,20190922,31,11998,0,0,6592,4565,0,341,0,102,1998,0,1000,0,822,816
FUELHH,20190922,32,12397,0,0,6592,4442,0,345,0,107,1998,0,1000,0,909,816
FUELHH,20190922,33,13286,0,0,6590,4361,14,392,0,116,1998,0,1000,0,1038,838
FUELHH,20190922,34,13970,0,0,6589,4402,0,447,0,107,1998,0,1000,34,1050,838
FUELHH,20190922,35,14538,0,0,6589,4517,68,574,0,125,1998,0,1000,0,980,888
FUELHH,20190922,36,14749,0,0,6594,4748,28,600,0,116,1998,0,1000,0,974,888
FUELHH,20190922,37,14726,0,0,6589,4573,656,491,0,107,1998,0,1000,0,1031,888
FUELHH,20190922,38,15093,0,0,6590,4096,886,529,0,115,1998,0,1000,0,1108,888
FUELHH,20190922,39,15300,0,0,6593,3795,916,630,0,141,1998,0,1058,0,1349,888
FUELHH,20190922,40,15497,0,0,6598,3458,798,551,0,151,1998,0,1058,0,1636,888
FUELHH,20190922,41,15241,0,0,6588,3216,838,497,0,108,1998,0,1058,0,1608,888
FUELHH,20190922,42,14806,0,0,6596,3078,512,459,0,101,1998,0,1058,0,1608,888
FUELHH,20190922,43,14308,0,0,6590,3036,242,403,0,105,1998,0,958,0,1624,838
FUELHH,20190922,44,12838,0,0,6592,3273,0,393,1,100,1998,0,956,0,1627,838
FUELHH,20190922,45,11770,0,0,6489,3197,0,345,0,102,1998,0,1000,0,1625,756
FUELHH,20190922,46,10295,0,0,6379,3265,6,341,0,103,1998,0,998,0,1627,756
FUELHH,20190922,47,9037,0,0,6371,3272,148,336,0,101,1708,0,856,0,1631,724
FUELHH,20190922,48,7809,0,0,6372,3573,0,325,1,99,1704,0,854,0,1621,724
FUELHH,20190923,1,7375,0,0,6369,3762,0,263,2,99,1502,0,756,0,1625,724
FUELHH,20190923,2,6861,0,0,6373,3903,0,260,0,99,1502,0,754,0,1620,724
FUELHH,20190923,3,6137,0,0,6379,4304,0,255,0,100,1502,0,750,0,1697,708
FUELHH,20190923,4,5910,0,0,6460,4172,0,255,0,99,1502,0,748,0,1742,708
FUELHH,20190923,5,5913,0,0,6572,4217,0,235,0,100,1502,0,500,0,1746,708
FUELHH,20190923,6,5842,0,0,6592,4151,0,235,0,101,1502,0,496,0,1750,708
FUELHH,20190923,7,5740,0,0,6599,3974,0,234,0,101,1502,0,556,0,1747,708
FUELHH,20190923,8,5938,0,0,6591,4068,0,234,0,101,1502,0,556,0,1750,706
FUELHH,20190923,9,5853,0,0,6595,4575,0,233,0,100,1504,0,456,0,1731,538
FUELHH,20190923,10,5759,0,0,6598,4660,0,243,0,98,1506,0,454,0,1745,526
FUELHH,20190923,11,6966,0,0,6590,4781,0,308,0,100,332,68,226,0,1747,14
FUELHH,20190923,12,8078,0,2,6583,4828,0,319,0,102,328,112,214,46,1748,0
FUELHH,20190923,13,11652,0,59,6583,4752,0,372,0,106,0,112,0,198,1733,0
FUELHH,20190923,14,14112,0,152,6594,4501,0,397,2,101,0,56,0,214,1734,0
FUELHH,20190923,15,16751,0,244,6590,4352,278,477,4,160,0,0,0,62,1732,0
FUELHH,20190923,16,17670,0,377,6586,4148,384,627,2,184,0,0,0,0,1729,0
FUELHH,20190923,17,17737,0,488,6590,3906,194,680,1,139,236,0,212,0,1736,0
FUELHH,20190923,18,17879,0,486,6596,3828,182,515,2,109,240,0,220,0,1751,0
FUELHH,20190923,19,18282,0,476,6606,3813,154,352,2,108,18,0,0,0,1752,0
FUELHH,20190923,20,17847,0,407,6539,3920,32,351,3,110,20,0,0,0,1753,0
FUELHH,20190923,21,18229,0,407,6396,4096,0,323,2,105,0,72,0,38,1753,0
FUELHH,20190923,22,18099,0,409,6376,4217,58,329,2,108,0,102,0,38,1754,0
FUELHH,20190923,23,17876,0,407,6377,4475,8,328,2,104,0,112,622,120,1750,0
FUELHH,20190923,24,17625,0,405,6376,4618,24,327,1,109,0,112,714,126,1755,0
FUELHH,20190923,25,17764,0,428,6382,4679,0,312,1,109,0,106,738,82,1706,0
FUELHH,20190923,26,17664,0,439,6499,4667,0,296,0,100,0,72,738,12,1672,0
FUELHH,20190923,27,16720,0,457,6583,4988,78,240,0,102,0,112,134,86,1667,0
FUELHH,20190923,28,16855,0,448,6591,5055,58,230,0,110,0,76,118,68,1666,0
FUELHH,20190923,29,16510,0,425,6601,5732,0,228,0,103,0,24,0,206,1665,0
FUELHH,20190923,30,16219,0,185,6591,6326,102,226,0,106,0,0,0,218,1652,0
FUELHH,20190923,31,16331,0,0,6596,6645,2,247,0,104,0,78,0,188,1662,0
FUELHH,20190923,32,17037,0,0,6592,6821,0,270,0,107,0,58,0,202,1661,0
FUELHH,20190923,33,17991,0,0,6597,7009,0,363,0,108,0,110,0,52,1675,0
FUELHH,20190923,34,18529,0,0,6592,7254,78,386,0,108,0,92,0,70,1668,0
FUELHH,20190923,35,18862,0,0,6593,7486,394,451,0,108,122,0,0,0,1662,0
FUELHH,20190923,36,18465,0,0,6591,7727,936,455,0,110,126,0,0,48,1666,0
FUELHH,20190923,37,18637,0,0,6592,7708,1000,501,0,110,52,0,0,82,1668,0
FUELHH,20190923,38,18165,0,0,6595,8202,952,515,0,109,62,0,0,82,1671,0
FUELHH,20190923,39,18906,0,0,6497,8647,600,518,0,102,0,0,0,2,1672,0
FUELHH,20190923,40,18305,0,0,6386,9024,548,523,0,103,0,0,0,0,1674,0
FUELHH,20190923,41,17110,0,0,6379,9201,740,505,1,101,0,0,0,0,1676,0
FUELHH,20190923,42,16010,0,0,6383,9521,150,485,3,102,0,0,0,0,1675,0
FUELHH,20190923,43,14459,0,0,6381,9586,38,377,1,102,0,0,0,0,1710,0
FUELHH,20190923,44,12209,0,0,6392,10142,0,376,0,100,0,0,0,0,1713,0
FUELHH,20190923,45,10615,0,0,6392,10315,0,284,0,106,0,0,0,0,1652,0
FUELHH,20190923,46,9330,0,0,6392,10182,0,288,0,112,0,0,0,0,1600,0
FUELHH,20190923,47,6795,0,0,6397,10181,0,294,0,102,0,0,0,0,1708,0
FUELHH,20190923,48,5784,0,0,6391,9768,0,292,0,104,0,0,0,0,1711,0
FUELHH,20190924,1,5968,0,0,6389,9394,0,252,0,105,0,0,0,0,1733,0
FUELHH,20190924,2,5876,0,0,6391,9178,0,251,0,103,0,0,0,0,1731,0
FUELHH,20190924,3,6006,0,0,6390,8872,0,240,0,102,0,0,0,0,1726,0
FUELHH,20190924,4,6338,0,0,6387,8649,0,239,0,102,0,0,0,0,1728,0
FUELHH,20190924,5,5939,0,0,6392,8509,0,239,0,84,0,0,0,0,1737,0
FUELHH,20190924,6,5948,0,0,6388,8204,0,239,0,79,0,0,0,0,1733,0
FUELHH,20190924,7,5833,0,0,6383,7791,0,256,0,79,414,0,0,0,1742,0
FUELHH,20190924,8,6070,0,0,6388,7268,0,256,0,79,416,0,0,0,1741,0
FUELHH,20190924,9,6002,0,0,6392,7248,0,256,0,78,662,0,0,0,1742,0
FUELHH,20190924,10,6064,0,0,6382,7213,0,255,0,79,714,0,0,0,1745,0
FUELHH,20190924,11,6222,0,0,6388,7341,0,271,0,79,0,74,0,6,1721,0
FUELHH,20190924,12,7224,0,0,6383,7302,0,299,0,79,0,128,0,80,1704,0
FUELHH,20190924,13,10456,0,0,6390,7002,16,407,0,79,0,156,0,234,1704,0
FUELHH,20190924,14,13378,0,0,6385,6905,50,422,1,81,0,92,0,246,1677,0
FUELHH,20190924,15,16608,0,0,6387,6683,512,499,0,89,0,0,0,106,1643,0
FUELHH,20190924,16,18319,0,0,6386,6586,606,502,1,171,0,0,0,22,1633,0
FUELHH,20190924,17,18687,0,0,6382,6586,614,502,0,123,152,0,0,0,1624,0
FUELHH,20190924,18,18711,0,0,6389,6594,618,475,1,88,354,0,0,0,1619,0
FUELHH,20190924,19,18492,0,0,6387,6482,746,459,0,132,478,0,152,0,1597,0
FUELHH,20190924,20,18792,0,0,6394,6461,288,450,0,125,460,0,160,0,1594,0
FUELHH,20190924,21,18669,0,0,6386,6471,26,435,0,83,1136,0,0,0,1519,0
FUELHH,20190924,22,18497,0,0,6449,6494,0,426,0,82,1142,0,0,0,1581,0
FUELHH,20190924,23,18411,0,0,6555,6502,0,319,0,82,1234,0,0,0,1663,0
FUELHH,20190924,24,18280,0,0,6592,6277,0,306,0,82,1236,0,0,0,1586,0
FUELHH,20190924,25,17852,0,0,6585,6320,0,305,0,84,992,0,0,0,1433,0
FUELHH,20190924,26,17432,0,0,6585,6305,0,286,0,81,992,0,0,0,1340,0
FUELHH,20190924,27,17134,0,0,6585,6321,0,228,0,81,864,0,0,0,1197,0
FUELHH,20190924,28,17003,0,0,6576,6245,0,226,0,83,862,0,0,0,1149,0
FUELHH,20190924,29,17232,0,0,6579,6105,62,228,0,86,1092,0,0,0,1151,0
FUELHH,20190924,30,17173,0,0,6593,6037,0,229,0,81,1060,0,0,0,1230,0
FUELHH,20190924,31,16234,0,0,6594,6252,0,262,0,82,1902,0,0,0,1370,0
FUELHH,20190924,32,16817,0,0,6594,6314,10,300,0,86,1910,0,0,0,1487,0
FUELHH,20190924,33,17046,0,0,6543,6031,516,434,0,94,1998,0,0,0,1482,0
FUELHH,20190924,34,18099,0,0,6394,5683,804,455,0,88,1998,0,0,0,1484,0
FUELHH,20190924,35,18338,0,0,6383,5527,632,524,0,90,1998,0,426,0,1613,0
FUELHH,20190924,36,18586,0,0,6390,5502,680,545,0,87,2000,0,478,0,1660,0
FUELHH,20190924,37,18846,0,0,6387,5122,846,592,0,86,1810,0,414,0,1718,0
FUELHH,20190924,38,19231,0,0,6386,4654,1030,594,0,86,1800,0,412,0,1741,0
FUELHH,20190924,39,19273,0,0,6413,4525,1350,591,0,86,1998,0,708,0,1739,0
FUELHH,20190924,40,19122,0,0,6531,4637,982,574,1,82,2000,0,714,0,1739,0
FUELHH,20190924,41,18725,0,0,6584,4577,1020,500,1,79,1482,0,740,0,1742,0
FUELHH,20190924,42,18411,0,0,6593,4546,326,490,1,77,1544,0,740,0,1740,0
FUELHH,20190924,43,17865,0,0,6588,4567,184,346,0,78,376,0,1032,0,1738,0
FUELHH,20190924,44,15928,0,0,6585,4473,208,342,1,81,394,0,1040,0,1736,0
FUELHH,20190924,45,14623,0,0,6591,4400,172,279,1,82,0,0,980,0,1731,0
FUELHH,20190924,46,13026,0,0,6592,4422,20,302,1,80,0,0,978,0,1736,0
FUELHH,20190924,47,9882,0,0,6593,4413,6,294,1,80,1506,0,806,0,1735,0
FUELHH,20190924,48,8720,0,0,6596,4106,0,293,1,80,1604,0,804,0,1749,0
FUELHH,20190925,1,7965,0,0,6598,4245,0,293,1,80,1502,0,760,0,1753,0
FUELHH,20190925,2,7405,0,0,6596,4376,0,292,1,79,1504,0,758,0,1756,0
FUELHH,20190925,3,7423,0,0,6595,4243,0,290,2,80,1502,0,758,0,1758,0
FUELHH,20190925,4,7574,0,0,6600,4020,0,301,2,78,1504,0,758,0,1755,0
FUELHH,20190925,5,7811,0,0,6596,3920,0,280,1,77,1502,0,758,0,1754,0
FUELHH,20190925,6,7702,0,0,6600,3849,0,279,1,78,1504,0,758,0,1758,0
FUELHH,20190925,7,7946,0,0,6486,3522,0,269,2,78,1504,22,754,0,1763,0
FUELHH,20190925,8,8028,0,0,6388,3406,0,268,1,78,1504,22,754,0,1761,0
FUELHH,20190925,9,7889,0,0,6390,3488,0,266,3,78,1504,24,754,0,1759,0
FUELHH,20190925,10,8250,0,0,6383,3392,0,265,3,78,1502,90,756,0,1754,0
FUELHH,20190925,11,8384,0,0,6386,3498,0,266,3,81,1652,112,166,0,1745,0
FUELHH,20190925,12,9138,0,0,6396,3518,0,287,2,81,1674,76,146,0,1749,0
FUELHH,20190925,13,12704,0,11,6536,3709,8,377,1,80,1018,134,0,58,1755,0
FUELHH,20190925,14,15724,0,39,6585,3902,152,386,1,79,1006,92,0,76,1759,0
FUELHH,20190925,15,17734,0,96,6587,4015,104,505,0,84,1804,0,0,0,1759,0
FUELHH,20190925,16,19203,0,190,6584,4096,132,524,0,83,1806,0,0,0,1752,0
FUELHH,20190925,17,19349,0,278,6585,4142,430,537,0,82,1898,0,0,0,1748,0
FUELHH,20190925,18,19340,0,407,6581,4158,528,521,0,82,1898,0,0,0,1742,0
FUELHH,20190925,19,19172,0,441,6587,4080,198,473,0,84,1898,0,588,0,1746,0
FUELHH,20190925,20,19317,0,439,6591,4009,0,490,0,82,1928,0,672,0,1759,0
FUELHH,20190925,21,19205,0,434,6595,3926,0,469,0,81,1138,0,1050,0,1757,0
FUELHH,20190925,22,18908,0,419,6596,4013,0,464,0,82,1138,0,1058,0,1760,0
FUELHH,20190925,23,19216,0,419,6593,3856,0,402,0,84,1006,0,1002,0,1764,0
FUELHH,20190925,24,18980,0,420,6596,3863,0,348,0,85,1008,0,1000,0,1763,0
FUELHH,20190925,25,18923,0,419,6596,3805,0,336,0,140,882,0,1000,0,1761,0
FUELHH,20190925,26,18819,0,419,6590,3664,0,317,1,102,936,0,1000,0,1760,0
FUELHH,20190925,27,19115,0,419,6586,3666,0,304,1,95,0,0,1000,0,1756,0
FUELHH,20190925,28,18819,0,419,6582,3553,0,303,1,82,0,0,1000,0,1760,0
FUELHH,20190925,29,18703,0,420,6587,3709,0,304,1,81,0,0,944,0,1761,0
FUELHH,20190925,30,18697,0,420,6591,3843,0,304,1,82,0,0,908,0,1762,0
FUELHH,20190925,31,18340,0,420,6585,3739,58,324,1,86,1080,0,0,0,1762,0
FUELHH,20190925,32,18708,0,394,6592,3932,0,348,1,83,980,0,0,0,1763,0
FUELHH,20190925,33,18302,0,306,6587,4185,0,207,1,85,1996,0,0,0,1759,0
FUELHH,20190925,34,18721,0,324,6590,4091,682,496,1,86,2000,0,0,0,1757,0
FUELHH,20190925,35,18857,0,330,6590,4076,1204,562,1,85,1998,0,0,0,1760,0
FUELHH,20190925,36,19031,0,281,6538,4051,1210,564,1,88,1998,0,0,0,1758,0
FUELHH,20190925,37,19446,0,229,6385,3949,1262,621,1,89,1998,76,0,18,1763,0
FUELHH,20190925,38,19571,0,60,6372,4024,1206,633,1,89,1998,230,0,52,1764,0
FUELHH,20190925,39,19155,0,0,6384,4646,724,636,1,82,1998,228,654,138,1762,0
FUELHH,20190925,40,18519,0,0,6377,5147,894,602,1,88,1982,132,762,186,1760,0
FUELHH,20190925,41,18954,0,0,6382,4904,440,540,1,82,880,160,1052,220,1761,0
FUELHH,20190925,42,17987,0,0,6384,4990,0,506,1,77,878,90,1056,202,1758,0
FUELHH,20190925,43,17019,0,0,6424,5349,60,410,1,91,0,200,1058,348,1760,0
FUELHH,20190925,44,15003,0,0,6522,5562,26,350,1,98,0,156,1058,386,1761,0
FUELHH,20190925,45,13501,0,0,6448,5846,0,261,2,105,0,258,1000,492,1755,0
FUELHH,20190925,46,11305,0,0,6395,6061,0,314,3,99,0,260,998,504,1748,0
FUELHH,20190925,47,7185,0,0,6396,6444,0,315,3,101,1344,192,786,504,1681,0
FUELHH,20190925,48,5111,0,0,6391,6862,0,313,2,102,1556,194,782,504,1740,0
FUELHH,20190926,1,4443,0,0,6392,6990,0,313,1,102,1072,194,692,458,1750,0
FUELHH,20190926,2,4201,0,0,6396,7091,0,313,0,102,1070,194,690,436,1732,0
FUELHH,20190926,3,4087,0,0,6390,7351,0,313,0,101,1070,194,664,504,1750,0
FUELHH,20190926,4,3929,0,0,6395,7748,0,296,0,101,1068,194,654,504,1748,0
FUELHH,20190926,5,4002,0,0,6391,7524,0,286,0,106,1280,194,152,504,1757,0
FUELHH,20190926,6,3816,0,0,6398,7718,0,286,0,99,1280,194,134,504,1751,0
FUELHH,20190926,7,3874,0,0,6394,7721,0,286,0,101,1366,194,0,504,1760,0
FUELHH,20190926,8,3968,0,0,6390,7593,0,287,0,102,1366,194,0,504,1748,0
FUELHH,20190926,9,3933,0,0,6396,7664,0,305,0,100,1366,194,0,504,1745,0
FUELHH,20190926,10,3907,0,0,6393,7613,0,294,0,103,1378,194,0,504,1758,0
FUELHH,20190926,11,4086,0,0,6319,7878,0,344,2,103,880,194,0,504,1703,0
FUELHH,20190926,12,5004,0,0,6188,7852,0,395,1,104,992,194,0,504,1270,0
FUELHH,20190926,13,8009,0,0,6174,7719,134,443,0,119,0,192,0,504,1305,0
FUELHH,20190926,14,10398,0,0,6172,8147,0,487,0,111,0,186,0,504,1722,0
FUELHH,20190926,15,12822,0,0,6170,8028,88,539,0,170,0,192,144,504,1758,0
FUELHH,20190926,16,13735,0,0,6188,8196,270,578,1,137,0,194,150,466,1755,0
FUELHH,20190926,17,13692,0,0,6216,8305,288,566,1,109,192,194,390,306,1760,0
FUELHH,20190926,18,13284,0,0,6343,7962,242,551,0,108,194,194,400,258,1761,0
FUELHH,20190926,19,13082,0,0,6364,7939,316,542,0,105,0,194,802,286,1760,0
FUELHH,20190926,20,12637,0,0,6366,8445,82,527,0,104,0,194,814,274,1752,0
FUELHH,20190926,21,12362,0,0,6373,8867,20,474,0,107,0,158,500,436,1759,0
FUELHH,20190926,22,0,0,0,0,0,0,0,0,0,0,154,642,504,0,0
FUELHH,20190926,23,8650,0,0,4580,7405,0,322,0,82,0,188,1110,504,1460,0
FUELHH,20190926,24,11106,0,0,6385,9081,0,358,0,103,0,194,992,504,1761,0
FUELHH,20190926,25,10988,0,0,6391,9106,0,299,0,103,0,194,532,504,1752,0
FUELHH,20190926,26,10788,0,0,6392,8976,0,275,0,106,0,194,480,448,1745,0
FUELHH,20190926,27,10938,0,0,6391,8922,0,261,0,105,0,194,0,500,1739,0
FUELHH,20190926,28,10829,0,0,6402,8851,12,260,0,107,0,194,0,504,1740,0
FUELHH,20190926,29,11113,0,0,6448,8776,0,265,0,104,0,194,0,504,1738,0
FUELHH,20190926,30,10956,0,0,6446,8204,0,247,0,114,0,128,0,504,1719,0
FUELHH,20190926,31,10515,0,0,6430,8105,0,274,0,103,616,160,0,504,1710,0
FUELHH,20190926,32,10944,0,0,6429,8584,0,363,0,104,622,194,0,504,1707,0
FUELHH,20190926,33,10518,0,0,6429,9231,0,467,0,106,620,194,188,504,1703,0
FUELHH,20190926,34,11461,0,0,6424,9420,0,465,0,116,620,188,198,504,1710,0
FUELHH,20190926,35,11675,0,0,6426,9175,320,557,0,111,574,180,960,504,1707,0
FUELHH,20190926,36,12672,0,0,6396,8741,466,571,0,111,552,190,1000,504,1707,0
FUELHH,20190926,37,12953,0,0,6254,8717,128,609,0,110,1186,190,1000,504,1710,0
FUELHH,20190926,38,12926,0,0,6186,8511,708,610,0,114,1192,190,1000,504,1653,0
FUELHH,20190926,39,13288,0,0,6186,8250,1094,581,0,105,1798,92,1056,464,1634,0
FUELHH,20190926,40,13643,0,0,6193,8077,724,581,0,104,1800,0,1058,408,1630,0
FUELHH,20190926,41,13326,0,0,6196,8174,126,570,0,102,1714,84,1058,272,1628,0
FUELHH,20190926,42,11961,0,0,6197,8525,86,555,0,102,1796,52,1058,194,1634,0
FUELHH,20190926,43,11567,0,0,6286,8653,208,455,0,102,430,168,1002,336,1632,0
FUELHH,20190926,44,9971,0,0,6447,8410,32,438,0,103,414,154,982,334,1632,18
FUELHH,20190926,45,8490,0,0,6467,8579,0,366,0,114,0,192,306,464,1630,650
FUELHH,20190926,46,6753,0,0,6473,8514,0,426,0,108,0,138,282,504,1621,668
FUELHH,20190926,47,4181,0,0,6483,8298,0,354,1,100,1004,172,620,504,1219,668
FUELHH,20190926,48,3675,0,0,6489,7824,0,354,0,100,1064,204,626,502,1044,668
FUELHH,20190927,1,3948,0,0,6482,8230,0,354,0,102,462,204,168,380,1102,20
FUELHH,20190927,2,3996,0,0,6485,8115,0,355,0,105,462,204,156,270,1173,0
FUELHH,20190927,3,4038,0,0,6497,7808,0,341,0,104,228,204,102,384,1488,0
FUELHH,20190927,4,3904,0,0,6504,7581,0,340,0,103,222,204,102,404,1531,0
FUELHH,20190927,5,3567,0,0,6507,7421,0,339,0,101,572,204,0,500,1351,646
FUELHH,20190927,6,3377,0,0,6508,7400,0,339,0,101,578,204,0,504,1256,668
FUELHH,20190927,7,3897,0,0,6505,6633,0,338,0,108,472,204,0,504,1212,668
FUELHH,20190927,8,3982,0,0,6499,6656,0,337,0,106,484,204,0,504,1278,668
FUELHH,20190927,9,4087,0,0,6372,6869,0,335,2,98,0,204,0,504,1374,668
FUELHH,20190927,10,4134,0,0,6276,6960,0,335,4,99,0,204,0,504,1388,668
FUELHH,20190927,11,4412,0,0,6272,6888,0,358,4,98,228,204,0,504,1324,364
FUELHH,20190927,12,5251,0,0,6275,6783,0,388,1,99,234,204,0,504,1324,358
FUELHH,20190927,13,7750,0,0,6276,6715,470,404,0,111,0,204,0,504,1421,6
FUELHH,20190927,14,10523,0,0,6284,6712,380,447,0,111,0,204,0,504,1518,0
FUELHH,20190927,15,11397,0,0,6371,6532,162,639,0,120,1798,204,0,500,1620,384
FUELHH,20190927,16,11922,0,0,6495,6018,1164,602,0,152,1998,186,0,416,1621,390
FUELHH,20190927,17,12171,0,0,6517,6008,778,640,0,122,1998,50,540,266,1620,962
FUELHH,20190927,18,11712,0,0,6522,6568,546,613,0,135,1996,0,630,182,1621,980
FUELHH,20190927,19,11920,0,0,6520,6476,718,596,0,165,1466,76,950,48,1623,980
FUELHH,20190927,20,11830,0,0,6515,6586,434,579,0,108,1524,198,958,2,1630,980
FUELHH,20190927,21,12049,0,0,6510,6804,616,586,0,171,240,186,1058,118,1630,976
FUELHH,20190927,22,12030,0,0,6508,6443,648,581,0,138,236,118,1058,122,1626,976
FUELHH,20190927,23,12300,0,0,6517,6209,516,476,0,182,220,198,1002,36,1623,930
FUELHH,20190927,24,12493,0,0,6520,6393,332,449,0,199,222,202,1000,40,1638,930
FUELHH,20190927,25,12742,0,0,6516,6684,204,410,0,168,218,202,1000,140,1637,858
FUELHH,20190927,26,12889,0,0,6517,6491,0,413,0,107,210,202,1000,136,1620,858
FUELHH,20190927,27,11640,0,0,6463,6929,12,400,0,109,608,202,1000,294,1606,824
FUELHH,20190927,28,11302,0,0,6333,7056,38,400,0,110,618,202,1000,300,1605,824
FUELHH,20190927,29,11547,0,0,6288,6866,48,399,0,139,332,202,786,388,1605,824
FUELHH,20190927,30,11617,0,0,6282,6816,0,399,0,108,296,202,782,406,1604,824
FUELHH,20190927,31,10677,0,0,6285,7383,0,390,0,108,1116,202,562,384,1603,824
FUELHH,20190927,32,10704,0,0,6283,7731,0,390,0,107,1006,202,558,378,1617,824
FUELHH,20190927,33,10725,0,0,6297,7865,0,434,0,109,1996,202,0,260,1623,866
FUELHH,20190927,34,11342,0,0,6314,7835,0,553,0,110,1998,202,0,330,1610,866
FUELHH,20190927,35,11598,0,0,6320,7866,266,656,0,109,2000,202,478,216,1600,274
FUELHH,20190927,36,11734,0,0,6391,7806,510,657,1,113,2000,202,544,288,1609,256
FUELHH,20190927,37,11538,0,0,6512,7979,450,757,0,112,1578,202,888,308,1607,672
FUELHH,20190927,38,11496,0,0,6480,8051,778,757,0,119,1532,202,898,270,1611,682
FUELHH,20190927,39,11866,0,0,6477,7922,718,689,0,116,1996,202,862,118,1623,994
FUELHH,20190927,40,12228,0,0,6476,7719,646,688,1,122,1996,202,862,34,1618,1000
FUELHH,20190927,41,11568,0,0,6484,7799,40,656,1,103,1996,194,1054,178,1618,1000
FUELHH,20190927,42,10171,0,0,6488,8036,0,516,0,103,1996,86,1058,248,1611,1000
FUELHH,20190927,43,9030,0,0,6491,8032,62,435,1,110,1726,180,902,396,1620,792
FUELHH,20190927,44,7218,0,0,6476,8141,24,419,1,104,1720,204,898,454,1618,788
FUELHH,20190927,45,6048,0,0,6479,8391,46,380,1,104,1600,204,672,504,1615,668
FUELHH,20190927,46,4735,0,0,6478,8395,0,393,0,100,1600,204,662,504,1588,668
FUELHH,20190927,47,4526,0,0,6481,8204,60,383,0,101,816,268,248,472,1517,668
FUELHH,20190927,48,3733,0,0,6489,7942,0,364,2,100,816,304,230,480,1453,668
FUELHH,20190928,1,4122,0,0,6487,7883,0,336,0,103,122,304,0,356,1471,668
FUELHH,20190928,2,3701,0,0,6493,7867,0,335,0,104,98,304,0,338,1561,668
FUELHH,20190928,3,3900,0,0,6489,7706,0,336,0,107,402,304,0,480,1559,22
FUELHH,20190928,4,3876,0,0,6487,7603,0,336,0,107,454,304,0,504,1525,0
FUELHH,20190928,5,3919,0,0,6485,7516,0,336,0,106,0,304,0,504,1543,646
FUELHH,20190928,6,3753,0,0,6484,7526,0,336,0,105,0,304,0,504,1391,668
FUELHH,20190928,7,3980,0,0,6474,7460,0,316,0,105,0,304,0,504,1555,286
FUELHH,20190928,8,3836,0,0,6346,7588,0,316,0,105,0,304,0,504,1573,278
FUELHH,20190928,9,3680,0,0,6257,7723,0,315,0,102,0,304,0,504,1600,148
FUELHH,20190928,10,3614,0,0,6247,7733,0,316,1,100,0,304,0,504,1546,148
FUELHH,20190928,11,3606,0,0,6249,7779,0,353,2,101,0,304,0,504,1542,2
FUELHH,20190928,12,3566,0,0,6248,7828,0,367,2,100,0,304,0,504,1496,0
FUELHH,20190928,13,3722,0,0,6254,7700,0,386,0,101,0,294,0,504,1406,0
FUELHH,20190928,14,4353,0,0,6266,8045,0,403,0,104,0,268,0,504,1391,0
FUELHH,20190928,15,4252,0,0,6403,7984,0,540,0,111,948,282,0,496,1275,462
FUELHH,20190928,16,5053,0,0,6474,8178,0,558,0,110,938,304,0,462,1417,472
FUELHH,20190928,17,5356,0,0,6475,8129,8,563,0,115,1416,300,596,304,1575,698
FUELHH,20190928,18,6178,0,0,6406,7809,36,562,0,140,1418,224,682,268,1587,700
FUELHH,20190928,19,6613,0,0,6261,7745,0,546,0,221,1444,298,800,124,1584,774
FUELHH,20190928,20,6772,0,0,6208,7747,0,534,0,194,1446,302,802,58,1586,776
FUELHH,20190928,21,6687,0,0,6214,7763,0,503,0,177,1350,194,802,28,1583,764
FUELHH,20190928,22,6442,0,0,6211,7798,0,495,0,118,1348,48,800,0,1587,764
FUELHH,20190928,23,6325,0,0,6287,7848,0,454,0,106,1544,0,800,0,1606,732
FUELHH,20190928,24,6212,0,0,6336,7901,68,453,0,106,1544,0,800,0,1618,732
FUELHH,20190928,25,6311,0,0,6333,7874,0,421,0,104,1602,0,800,0,1625,668
FUELHH,20190928,26,6098,0,0,6205,7834,0,408,0,107,1602,0,798,0,1627,668
FUELHH,20190928,27,5994,0,0,6063,7680,18,396,0,111,1600,0,800,0,1632,668
FUELHH,20190928,28,5895,0,0,5977,7640,0,391,0,108,1602,0,800,0,1623,668
FUELHH,20190928,29,5858,0,0,5983,7384,44,391,0,114,1600,0,800,0,1630,668
FUELHH,20190928,30,6431,0,0,6107,6910,74,391,0,120,1600,0,800,0,1630,668
FUELHH,20190928,31,7436,0,0,6205,6404,90,396,0,127,1602,0,802,0,1623,668
FUELHH,20190928,32,7891,0,0,6212,6055,174,641,0,200,1570,0,800,0,1609,668
FUELHH,20190928,33,8972,0,0,6249,5509,36,722,0,172,1996,0,998,0,1599,728
FUELHH,20190928,34,10538,0,0,6381,5060,150,780,0,108,1996,0,1000,0,1600,728
FUELHH,20190928,35,11649,0,0,6436,5054,422,877,0,105,1996,0,900,0,1596,862
FUELHH,20190928,36,12304,0,0,6441,5013,470,784,0,105,1996,0,900,0,1591,864
FUELHH,20190928,37,12730,0,0,6438,4705,940,817,0,107,1996,0,752,0,1574,992
FUELHH,20190928,38,13607,0,0,6444,4316,1088,806,1,107,1996,88,752,0,1370,992
FUELHH,20190928,39,13164,0,0,6444,4885,1146,796,0,108,1996,230,662,0,1347,992
FUELHH,20190928,40,12102,0,0,6446,5339,1228,799,0,110,1996,210,660,0,1358,992
FUELHH,20190928,41,11698,0,0,6385,5473,1152,606,0,107,1996,270,854,40,1357,992
FUELHH,20190928,42,11732,0,0,6228,4965,844,601,0,108,1996,176,856,8,1224,992
FUELHH,20190928,43,12049,0,0,6211,4651,238,504,0,106,1996,278,932,116,971,840
FUELHH,20190928,44,11236,0,0,6218,4471,0,458,0,106,1996,290,932,22,984,838
FUELHH,20190928,45,10343,0,0,6235,4669,0,373,0,104,1850,278,924,24,985,706
FUELHH,20190928,46,8586,0,0,6314,5080,2,435,0,103,1850,246,924,44,987,704
FUELHH,20190928,47,7516,0,0,6173,5201,0,427,1,100,1700,156,854,130,987,668
FUELHH,20190928,48,6208,0,0,6117,5171,0,416,2,99,1742,156,854,270,987,668
FUELHH,20190929,1,6378,0,0,5996,4859,0,381,2,101,820,156,688,310,990,668
FUELHH,20190929,2,5095,0,0,5966,5247,0,383,3,102,812,156,686,330,989,668
FUELHH,20190929,3,4712,0,0,5955,5857,0,366,3,103,26,156,674,422,977,668
FUELHH,20190929,4,4179,0,0,5992,6128,0,366,2,104,0,156,662,380,969,668
FUELHH,20190929,5,4210,0,0,6099,6583,0,343,2,104,0,156,146,242,974,668
FUELHH,20190929,6,3940,0,0,6311,6731,0,341,2,103,0,156,132,76,981,668
FUELHH,20190929,7,4033,0,0,6428,6809,0,340,2,102,0,126,450,0,985,668
FUELHH,20190929,8,3931,0,0,6436,7050,0,340,2,103,0,148,456,0,983,668
FUELHH,20190929,9,4146,0,0,6447,7257,0,339,2,106,0,96,304,0,928,668
FUELHH,20190929,10,4066,0,0,6450,7394,0,339,2,104,0,0,302,0,973,668
FUELHH,20190929,11,3788,0,0,6448,7579,0,334,2,104,0,72,252,0,990,668
FUELHH,20190929,12,3988,0,0,6450,7518,0,337,2,103,0,34,252,0,990,668
FUELHH,20190929,13,3973,0,0,6447,7775,0,388,2,105,18,136,0,58,990,668
FUELHH,20190929,14,4087,0,0,6447,7974,0,408,1,104,0,156,0,212,945,668
FUELHH,20190929,15,4183,0,0,6446,8073,0,434,1,106,1008,156,0,376,945,598
FUELHH,20190929,16,4811,0,0,6432,8190,0,448,1,112,1008,142,0,430,890,598
FUELHH,20190929,17,5239,0,0,6443,8000,0,464,2,118,1010,46,658,298,925,668
FUELHH,20190929,18,6289,0,0,6419,8037,0,475,1,123,992,138,792,236,988,668
FUELHH,20190929,19,6739,0,0,6313,7923,0,480,1,106,1596,156,802,374,990,688
FUELHH,20190929,20,7356,0,0,6245,7982,128,474,0,120,1600,156,802,434,989,688
FUELHH,20190929,21,8112,0,0,6052,7772,0,533,0,112,1662,156,828,488,991,774
FUELHH,20190929,22,8655,0,0,5989,7295,0,517,0,115,1662,156,828,480,993,776
FUELHH,20190929,23,9532,0,0,5977,7070,24,478,1,116,1662,156,832,370,991,798
FUELHH,20190929,24,9280,0,0,5996,7511,0,439,1,105,1660,156,832,346,992,798
FUELHH,20190929,25,8817,0,0,6094,7715,0,597,0,103,1660,156,832,408,992,722
FUELHH,20190929,26,8697,0,0,6110,7655,0,615,0,105,1662,150,832,328,994,722
FUELHH,20190929,27,8957,0,0,6118,7475,0,428,0,106,1662,38,832,176,992,706
FUELHH,20190929,28,8571,0,0,6177,7404,8,426,1,118,1660,126,832,24,992,706
FUELHH,20190929,29,8708,0,0,6241,7242,108,375,1,126,1662,156,832,4,991,706
FUELHH,20190929,30,8785,0,0,6333,7017,0,376,1,109,1662,72,832,124,993,706
FUELHH,20190929,31,9191,0,0,6251,6641,46,371,2,133,1662,150,832,290,991,706
FUELHH,20190929,32,9554,0,0,6222,6547,22,387,2,146,1638,156,832,422,988,706
FUELHH,20190929,33,9506,0,0,6215,7073,0,479,1,109,1996,114,998,368,976,742
FUELHH,20190929,34,9699,0,0,6216,7567,172,520,0,109,1996,148,1000,428,970,742
FUELHH,20190929,35,10402,0,0,6208,7458,382,744,1,110,1996,56,1000,310,965,846
FUELHH,20190929,36,11385,0,0,6207,7069,464,775,0,114,1996,124,1000,162,964,848
FUELHH,20190929,37,11651,0,0,6296,6621,940,809,0,117,1996,150,1000,16,963,962
FUELHH,20190929,38,12132,0,0,6420,6353,972,812,0,107,1996,156,1000,0,962,962
FUELHH,20190929,39,12211,0,0,6444,6392,1374,820,0,104,1996,80,1058,0,956,962
FUELHH,20190929,40,11862,0,0,6439,6304,1328,820,0,108,1996,0,1058,0,993,962
FUELHH,20190929,41,11347,0,0,6437,6101,1318,825,0,125,1996,0,1058,0,1183,962
FUELHH,20190929,42,10819,0,0,6437,5938,1030,825,0,152,1996,0,1058,0,1440,962
FUELHH,20190929,43,11036,0,0,6354,5767,202,580,0,105,1996,0,1058,0,1602,802
FUELHH,20190929,44,9951,0,14,6222,5821,0,550,0,105,1996,0,1058,0,1610,800
FUELHH,20190929,45,8715,0,139,6212,5777,70,364,0,106,1802,0,904,54,1624,668
FUELHH,20190929,46,7507,0,215,6213,5784,0,386,0,106,1802,0,904,10,1634,668
FUELHH,20190929,47,6115,0,247,6212,5981,32,343,0,105,1502,0,760,0,1629,668
FUELHH,20190929,48,4576,0,241,6143,6214,0,320,0,101,1562,0,758,0,1625,668
FUELHH,20190930,1,4928,0,300,6019,6230,16,316,1,101,416,0,712,0,1638,668
FUELHH,20190930,2,4590,0,260,6137,6387,0,315,1,100,394,0,710,0,1630,668
FUELHH,20190930,3,4705,0,259,6202,6141,0,318,2,100,612,0,710,0,1620,668
FUELHH,20190930,4,4953,0,242,6274,6042,0,325,2,107,624,0,712,0,1639,668
FUELHH,20190930,5,5462,0,243,6408,5933,0,309,1,106,120,0,710,0,1637,668
FUELHH,20190930,6,5220,0,242,6425,5823,0,302,2,110,122,0,710,0,1640,668
FUELHH,20190930,7,5222,0,295,6429,5486,0,302,2,107,0,0,520,0,1642,668
FUELHH,20190930,8,5577,0,397,6317,5331,0,295,2,102,0,0,518,0,1634,668
FUELHH,20190930,9,6226,0,396,6305,5078,0,294,2,104,0,0,618,0,1634,668
FUELHH,20190930,10,6386,0,295,6305,4764,0,331,2,105,0,0,618,0,1644,668
FUELHH,20190930,11,6877,0,87,6307,4378,130,529,3,107,0,72,708,50,1645,668
FUELHH,20190930,12,8516,0,129,6305,4255,0,600,4,103,0,48,710,206,1651,668
FUELHH,20190930,13,11266,0,277,6302,3828,0,587,3,101,0,154,790,344,1642,744
FUELHH,20190930,14,14404,0,483,6296,3280,256,423,3,103,0,168,792,302,1649,744
FUELHH,20190930,15,17319,0,668,6302,2879,242,648,2,140,0,46,802,150,1650,992
FUELHH,20190930,16,18980,0,765,6297,2824,240,673,2,177,0,84,802,76,1642,996
FUELHH,20190930,17,19269,0,758,6294,2651,0,672,1,110,866,0,978,0,1637,1000
FUELHH,20190930,18,19659,0,754,6216,2344,0,571,1,109,882,0,982,0,1654,1000
FUELHH,20190930,19,19912,0,757,6198,2050,0,560,1,109,1048,88,718,12,1657,1000
FUELHH,20190930,20,19695,0,757,6199,1845,0,514,1,123,1050,138,712,44,1650,1000
FUELHH,20190930,21,19789,0,752,6202,1703,0,518,0,148,368,180,692,182,1645,1000
FUELHH,20190930,22,19609,0,743,6208,1689,0,445,0,106,356,180,692,250,1643,1000
FUELHH,20190930,23,19414,0,755,6155,1644,0,424,0,108,410,180,654,396,1640,998
FUELHH,20190930,24,19259,0,734,6106,1792,0,424,0,107,352,180,654,476,1641,998
FUELHH,20190930,25,18988,0,640,6074,1530,26,423,0,110,1442,180,654,334,1646,1000
FUELHH,20190930,26,19613,0,621,6067,1355,0,424,0,104,1484,150,654,234,1646,1000
FUELHH,20190930,27,19243,0,621,6070,1273,68,425,0,136,1186,180,654,368,1641,1000
FUELHH,20190930,28,19323,0,665,6070,1237,0,403,0,131,1180,180,654,366,1632,998
FUELHH,20190930,29,19174,0,770,6074,1294,74,388,0,172,1926,180,724,352,1620,822
FUELHH,20190930,30,19377,0,754,6082,1394,0,392,0,124,1996,180,718,318,1617,814
FUELHH,20190930,31,19857,0,755,6194,1698,0,473,0,109,1998,180,282,460,1619,396
FUELHH,20190930,32,20061,0,770,6293,1972,0,525,0,110,1998,180,270,504,1614,388
FUELHH,20190930,33,19767,0,739,6231,2086,270,577,0,107,1996,178,322,470,1618,980
FUELHH,20190930,34,19882,0,753,6220,2543,680,704,0,119,1996,178,324,456,1617,998
FUELHH,20190930,35,20371,0,763,6219,3026,1158,865,0,167,1996,176,226,294,1637,1000
FUELHH,20190930,36,20586,0,742,6296,3391,1066,867,0,201,1996,172,216,248,1642,990
FUELHH,20190930,37,21017,0,735,6301,3867,1078,876,0,166,1998,178,0,352,1642,534
FUELHH,20190930,38,20600,0,773,6298,4555,1148,884,0,114,1998,178,0,304,1647,522
FUELHH,20190930,39,20739,0,720,6307,4827,484,656,0,104,1888,92,0,154,1643,988
FUELHH,20190930,40,19513,0,757,6297,5077,352,656,0,107,1916,104,0,16,1643,1000
FUELHH,20190930,41,19522,0,745,6301,5453,222,655,0,103,1098,124,0,0,1639,42
FUELHH,20190930,42,17709,0,759,6297,5909,58,654,0,106,1196,46,0,0,1640,0
FUELHH,20190930,43,16843,0,758,6301,6157,30,635,0,107,0,162,0,54,1645,0
FUELHH,20190930,44,13994,0,733,6304,6841,0,620,0,103,0,180,0,34,1617,0
FUELHH,20190930,45,12858,0,620,6304,7135,0,495,0,107,0,178,0,134,1637,0
FUELHH,20190930,46,10592,0,220,6398,7571,0,545,0,103,0,74,0,34,1643,0
FUELHH,20190930,47,6740,0,0,6418,7627,0,453,0,103,1210,80,110,58,1636,0
FUELHH,20190930,48,4614,0,0,6408,7725,0,432,0,103,1594,160,114,204,1643,0
FUELHH,20191001,1,4502,0,0,6339,7933,0,411,1,101,910,160,0,120,1635,324
FUELHH,20191001,2,3893,0,0,6336,8228,0,408,0,101,912,160,0,112,1605,328
FUELHH,20191001,3,4460,0,0,6319,7995,0,400,0,99,812,160,0,118,1502,562
FUELHH,20191001,4,4722,0,0,6375,7972,0,398,1,100,818,160,0,118,1508,564
FUELHH,20191001,5,4865,0,0,6474,7693,0,387,1,102,466,160,0,118,1501,668
FUELHH,20191001,6,4854,0,0,6515,7382,0,386,2,103,466,160,0,118,1496,668
FUELHH,20191001,7,4784,0,0,6552,7210,0,387,3,104,170,160,0,118,1438,668
FUELHH,20191001,8,4652,0,0,6549,7224,0,388,2,102,170,160,0,118,1419,668
FUELHH,20191001,9,5646,0,0,6547,7424,0,388,1,102,0,160,0,162,1424,668
FUELHH,20191001,10,6124,0,0,6583,7071,0,351,1,102,0,160,0,274,1482,668
FUELHH,20191001,11,6175,0,130,6583,7106,0,345,2,103,0,160,0,424,1531,530
FUELHH,20191001,12,7240,0,197,6581,7069,0,348,3,102,0,160,0,504,1646,530
FUELHH,20191001,13,9122,0,401,6586,6853,134,402,3,102,208,160,0,504,1640,12
FUELHH,20191001,14,11794,0,664,6583,6865,16,420,1,101,260,160,0,504,1644,0
FUELHH,20191001,15,15111,0,942,6578,6885,20,447,0,112,0,160,0,504,1640,0
FUELHH,20191001,16,15740,0,1137,6580,7011,358,486,1,105,0,160,0,436,1642,0
FUELHH,20191001,17,16236,0,1161,6577,6942,0,560,2,165,0,160,374,298,1641,0
FUELHH,20191001,18,16290,0,1188,6588,6912,0,566,2,199,0,160,414,218,1642,0
FUELHH,20191001,19,16294,0,1142,6596,7122,0,709,1,171,0,160,300,146,1642,0
FUELHH,20191001,20,16238,0,1109,6600,7251,22,705,1,124,0,160,300,84,1643,0
FUELHH,20191001,21,16174,0,1111,6608,7442,0,762,1,118,0,160,300,226,1645,0
FUELHH,20191001,22,15938,0,1110,6604,7673,0,408,1,139,0,160,298,164,1644,0
FUELHH,20191001,23,15321,0,1116,6604,7971,0,412,2,106,0,160,248,162,1643,0
FUELHH,20191001,24,15063,0,1110,6612,8044,0,412,1,107,0,160,248,158,1644,0
FUELHH,20191001,25,14791,0,1111,6624,8160,0,398,1,106,0,160,248,270,1641,0
FUELHH,20191001,26,14660,0,1109,6633,7986,20,392,0,136,0,126,248,260,1645,0
FUELHH,20191001,27,14490,0,1110,6643,8081,0,369,1,104,0,160,286,400,1640,0
FUELHH,20191001,28,14453,0,1110,6637,7888,26,365,0,128,0,160,288,374,1644,0
FUELHH,20191001,29,14356,0,1110,6656,7821,0,363,0,104,0,134,350,488,1643,0
FUELHH,20191001,30,13979,0,1127,6649,7917,0,364,0,105,0,156,350,494,1628,0
FUELHH,20191001,31,13716,0,1102,6654,7787,0,350,0,108,244,112,0,450,1636,0
FUELHH,20191001,32,14213,0,1133,6671,7794,14,357,0,127,262,160,0,474,1643,0
FUELHH,20191001,33,15785,0,1148,6674,7376,0,384,0,111,506,160,0,504,1643,0
FUELHH,20191001,34,16987,0,1129,6676,7133,0,591,0,111,536,160,0,454,1643,0
FUELHH,20191001,35,17796,0,1153,6682,6744,358,693,0,161,2,160,0,292,1642,0
FUELHH,20191001,36,18026,0,1134,6678,6662,898,695,0,111,0,110,0,242,1646,0
FUELHH,20191001,37,17967,0,1140,6675,6408,894,734,0,111,826,158,0,108,1647,0
FUELHH,20191001,38,18149,0,1135,6683,6562,1074,734,0,117,776,154,0,152,1647,0
FUELHH,20191001,39,17007,0,983,6676,6632,1098,726,0,102,1910,36,100,28,1643,818
FUELHH,20191001,40,16569,0,645,6679,6962,1048,726,0,101,1970,0,102,2,1646,848
FUELHH,20191001,41,17022,0,517,6677,7104,922,708,0,115,1092,0,102,66,1647,36
FUELHH,20191001,42,16001,0,478,6686,7102,708,708,0,101,1142,0,104,0,1647,0
FUELHH,20191001,43,15921,0,483,6703,7144,128,557,0,103,10,0,288,0,1646,0
FUELHH,20191001,44,14128,0,482,6701,7102,12,439,0,103,0,0,298,0,1645,18
FUELHH,20191001,45,11388,0,405,6697,7022,0,392,0,103,526,0,414,0,1644,668
FUELHH,20191001,46,9777,0,201,6703,7023,12,401,0,103,478,0,414,0,1643,688
FUELHH,20191001,47,6836,0,0,6699,6876,36,402,0,103,1490,0,750,12,1645,668
FUELHH,20191001,48,5316,0,0,6704,6777,0,396,0,103,1552,0,758,0,1626,668
FUELHH,20191002,1,5573,0,0,6706,6688,0,381,1,102,514,36,318,0,1644,668
FUELHH,20191002,2,4964,0,0,6706,6742,0,372,0,101,514,114,306,0,1641,668
FUELHH,20191002,3,5477,0,0,6702,6494,0,357,0,99,514,206,418,0,1641,668
FUELHH,20191002,4,5798,0,0,6706,6577,0,357,0,100,514,254,420,0,1563,668
FUELHH,20191002,5,6213,0,0,6699,6381,0,341,0,101,514,104,180,0,1445,668
FUELHH,20191002,6,5953,0,0,6701,6532,0,337,0,101,512,0,172,0,1424,668
FUELHH,20191002,7,5585,0,0,6700,6678,0,337,0,101,710,0,0,0,1436,668
FUELHH,20191002,8,5596,0,0,6698,6741,0,338,0,102,712,0,0,0,1433,668
FUELHH,20191002,9,5909,0,0,6704,6793,0,338,0,102,440,86,0,0,1477,668
FUELHH,20191002,10,6017,0,0,6710,6873,0,339,0,103,442,110,0,0,1488,668
FUELHH,20191002,11,6962,0,0,6711,6907,0,338,1,102,0,196,0,0,1594,668
FUELHH,20191002,12,7498,0,180,6706,7195,0,342,1,102,0,254,0,0,1591,668
FUELHH,20191002,13,9189,0,490,6704,7137,246,392,1,102,0,106,0,32,1653,22
FUELHH,20191002,14,12577,0,795,6705,7266,16,406,1,102,0,0,0,0,1655,0
FUELHH,20191002,15,15198,0,1016,6705,7300,16,488,0,117,940,0,0,0,1657,0
FUELHH,20191002,16,16246,0,1135,6707,7239,460,588,0,152,950,0,0,0,1642,0
FUELHH,20191002,17,16394,0,1140,6706,7136,92,601,0,159,1148,0,368,0,1642,0
FUELHH,20191002,18,16119,0,1146,6710,6836,0,485,0,141,1148,0,396,0,1625,0
FUELHH,20191002,19,16555,0,1141,6704,6486,126,480,0,165,662,0,260,0,1376,0
FUELHH,20191002,20,16186,0,1125,6713,6368,0,413,0,113,746,0,258,0,1297,0
FUELHH,20191002,21,16178,0,1122,6707,6430,0,399,0,108,0,0,102,0,1298,502
FUELHH,20191002,22,15241,0,1120,6706,6629,0,398,0,138,0,0,102,0,1292,516
FUELHH,20191002,23,15748,0,1136,6705,6724,0,377,0,115,0,0,0,0,1341,906
FUELHH,20191002,24,15595,0,961,6700,6301,0,371,0,98,0,0,0,0,1399,914
FUELHH,20191002,25,15295,0,929,6706,6342,36,365,0,163,0,0,0,0,1428,882
FUELHH,20191002,26,15133,0,1127,6714,5451,72,180,0,155,0,0,0,0,1424,882
FUELHH,20191002,27,15281,0,1013,6705,4688,112,57,0,115,0,0,92,0,1417,700
FUELHH,20191002,28,15346,0,767,6703,5945,0,145,0,164,0,0,124,0,1427,874
FUELHH,20191002,29,15188,0,781,6701,5889,56,308,0,123,0,0,0,0,1428,780
FUELHH,20191002,30,16114,0,861,6709,5559,0,329,0,166,0,0,0,0,1428,780
FUELHH,20191002,31,15064,0,1093,6709,5298,0,347,0,106,0,0,532,0,1560,842
FUELHH,20191002,32,15776,0,1128,6711,5251,26,351,0,107,0,0,598,0,1644,842
FUELHH,20191002,33,16457,0,1121,6710,5214,0,359,0,119,974,0,598,0,1644,108
FUELHH,20191002,34,17961,0,1146,6712,5085,0,475,0,117,988,0,544,0,1645,92
FUELHH,20191002,35,18255,0,1134,6713,5034,74,593,0,113,1990,0,0,0,1645,646
FUELHH,20191002,36,18742,0,1138,6716,5034,516,601,0,160,1998,0,0,0,1646,660
FUELHH,20191002,37,18584,0,1137,6715,4897,672,601,0,115,1998,0,784,0,1645,994
FUELHH,20191002,38,19177,0,1147,6716,4680,886,593,0,183,1996,0,1000,0,1642,1000
FUELHH,20191002,39,19290,0,1145,6714,4397,1622,592,0,164,1996,0,1058,0,1634,1000
FUELHH,20191002,40,19154,0,1003,6714,3740,1586,23,0,119,1998,0,1054,0,1619,1000
FUELHH,20191002,41,18924,0,673,6712,3580,1300,23,0,100,1832,0,1040,0,1629,866
FUELHH,20191002,42,18445,0,431,6716,3701,862,23,0,99,1996,0,1058,0,1625,1000
FUELHH,20191002,43,18128,0,243,6715,3561,246,23,0,100,1996,0,1058,0,1628,1000
FUELHH,20191002,44,16504,0,205,6724,3650,0,74,0,99,1996,0,1056,0,1629,1000
FUELHH,20191002,45,15700,0,0,6720,3504,16,108,0,104,772,0,834,0,1632,780
FUELHH,20191002,46,14048,0,0,6718,3345,8,108,0,104,702,0,800,0,1629,748
FUELHH,20191002,47,11407,0,0,6718,3069,0,108,1,99,2002,0,932,0,1634,848
FUELHH,20191002,48,10500,0,0,6711,2849,6,108,0,109,1908,0,950,0,1631,848
FTR,864